INSERT INTO aereo (aereo_id, tipo_aereo, posti_disponibili, compagnia_appartenenza, nome_aereo) VALUES 

(1,'Di stato',267,'Lufthansa','Boeing 747'),
(2,'Charter',195,'easyJet','Airbus A330'),
(3,'Privato',51,'Air France','Airbus A340'),
(4,'Charter',256,'Volotea','Boeing 767'),
(5,'Privato',407,'Iberia','Airbus A330'),
(6,'Di stato',88,'Turkish Airlines','Boeing 757'),
(7,'Di linea',407,'Air Europa','Boeing 777'),
(8,'Di linea',223,'Iberia','Airbus A330'),
(9,'Charter',56,'Lufthansa','McDonnell Douglas DC-9'),
(10,'Di stato',282,'Air Nostrum','Airbus A320'),
(11,'Di stato',253,'Alitalia','Airbus A320'),
(12,'Di stato',224,'Ita','McDonnell Douglas DC-9'),
(13,'Di stato',482,'Iberia','Airbus A330'),
(14,'Di stato',272,'British Airways','Boeing 737'),
(15,'Di stato',91,'Iberia','Boeing 757'),
(16,'Di linea',462,'Air Malta','Boeing 787'),
(17,'Privato',394,'Air Nostrum','Boeing 747'),
(18,'Di stato',336,'Iberia','Boeing 757'),
(19,'Privato',102,'Aeroflot','Boeing 737'),
(20,'Di stato',253,'Aeroflot','Boeing 727'),
(21,'Di stato',299,'Air Corsica','Airbus A340'),
(22,'Privato',80,'Air Corsica','Boeing 747'),
(23,'Di linea',117,'Turkish Airlines','Boeing 777'),
(24,'Privato',418,'Ryanair','Boeing 787'),
(25,'Charter',136,'Air France','Airbus A320'),
(26,'Di stato',319,'Air Malta','Boeing 787'),
(27,'Charter',108,'Air France','Boeing 747'),
(28,'Di linea',52,'Air France','Airbus A320'),
(29,'Charter',85,'Volotea','Boeing 737'),
(30,'Privato',368,'Turkish Airlines','Boeing 777'),
(31,'Di stato',487,'Lufthansa','Boeing 747'),
(32,'Di linea',238,'easyJet','Boeing 747'),
(33,'Di linea',191,'Air Europa','Airbus A320'),
(34,'Charter',336,'Alitalia','McDonnell Douglas DC-9'),
(35,'Di linea',85,'International Airlines Group','McDonnell Douglas DC-9'),
(36,'Privato',56,'Air Malta','Airbus A300'),
(37,'Charter',342,'Turkish Airlines','Boeing 747'),
(38,'Privato',172,'Air Nostrum','Boeing 737'),
(39,'Privato',212,'Ryanair','McDonnell Douglas DC-9'),
(40,'Di stato',171,'Ita','Boeing 787'),
(41,'Charter',228,'Air Corsica','Boeing 757'),
(42,'Di linea',407,'Aeroflot','Airbus A340'),
(43,'Di linea',55,'Ryanair','Airbus A330'),
(44,'Privato',338,'Air Malta','Airbus A300'),
(45,'Privato',495,'Air France','McDonnell Douglas DC-9'),
(46,'Di stato',284,'Iberia','Airbus A340'),
(47,'Di stato',450,'Luxair','Airbus A300'),
(48,'Charter',288,'Aeroflot','Airbus A300'),
(49,'Charter',363,'International Airlines Group','Boeing 767'),
(50,'Privato',339,'Wizz Air','Airbus A320'),
(51,'Di linea',345,'Luxair','Airbus A340'),
(52,'Di stato',451,'Turkish Airlines','Airbus A330'),
(53,'Privato',82,'Turkish Airlines','Boeing 777'),
(54,'Di stato',238,'Lufthansa','Boeing 757'),
(55,'Charter',459,'Volotea','McDonnell Douglas DC-9'),
(56,'Privato',62,'Air France','Boeing 787'),
(57,'Charter',332,'Alitalia','Boeing 727'),
(58,'Privato',421,'Air Malta','Boeing 767'),
(59,'Di linea',252,'British Airways','Boeing 777'),
(60,'Charter',238,'Volotea','Boeing 747'),
(61,'Di linea',275,'Wizz Air','Boeing 767'),
(62,'Charter',229,'Wizz Air','Airbus A330'),
(63,'Privato',348,'Turkish Airlines','Airbus A330'),
(64,'Charter',90,'Aeroflot','Boeing 787'),
(65,'Di stato',210,'Luxair','Airbus A300'),
(66,'Di stato',316,'Aeroflot','Boeing 777'),
(67,'Di stato',333,'Air France','Boeing 757'),
(68,'Privato',281,'Volotea','Airbus A320'),
(69,'Charter',151,'Volotea','Boeing 757'),
(70,'Privato',129,'Air Europa','Airbus A330'),
(71,'Charter',92,'Lufthansa','Boeing 787'),
(72,'Di stato',408,'Turkish Airlines','Airbus A330'),
(73,'Charter',487,'Air Nostrum','Boeing 757'),
(74,'Di linea',395,'easyJet','Boeing 787'),
(75,'Privato',83,'Lufthansa','Airbus A320'),
(76,'Di linea',357,'Air Europa','Airbus A340'),
(77,'Di linea',260,'Turkish Airlines','Boeing 757'),
(78,'Charter',327,'Air Malta','Airbus A330'),
(79,'Privato',153,'Iberia','Boeing 787'),
(80,'Di stato',54,'Air Europa','Boeing 767'),
(81,'Charter',402,'Wizz Air','Airbus A320'),
(82,'Privato',217,'Lufthansa','Boeing 737'),
(83,'Charter',346,'Ita','Boeing 787'),
(84,'Di stato',90,'Turkish Airlines','Airbus A300'),
(85,'Di stato',246,'Aeroflot','Boeing 757'),
(86,'Charter',380,'Luxair','Airbus A300'),
(87,'Privato',359,'Air France','Airbus A340'),
(88,'Charter',92,'Ita','Boeing 767'),
(89,'Privato',376,'International Airlines Group','McDonnell Douglas DC-9'),
(90,'Di linea',131,'Ryanair','Airbus A300'),
(91,'Di linea',209,'Wizz Air','Boeing 757'),
(92,'Charter',465,'Iberia','Boeing 757'),
(93,'Di linea',52,'Ita','McDonnell Douglas DC-9'),
(94,'Di stato',109,'Alitalia','Boeing 747'),
(95,'Privato',229,'Luxair','Boeing 727'),
(96,'Privato',205,'Lufthansa','Boeing 767'),
(97,'Charter',433,'British Airways','Boeing 747'),
(98,'Privato',267,'Iberia','Airbus A300'),
(99,'Di linea',254,'easyJet','Boeing 767'),
(100,'Privato',111,'easyJet','Boeing 727'),
(101,'Di linea',426,'Air France','Airbus A340'),
(102,'Privato',198,'Air France','Boeing 757'),
(103,'Privato',462,'British Airways','Boeing 777'),
(104,'Privato',62,'Air Malta','Boeing 747'),
(105,'Di stato',67,'Turkish Airlines','Boeing 747'),
(106,'Charter',251,'easyJet','Airbus A300'),
(107,'Di linea',285,'Volotea','Boeing 757'),
(108,'Di linea',93,'International Airlines Group','Boeing 777'),
(109,'Di stato',437,'Air France','Boeing 787'),
(110,'Di linea',293,'Iberia','Boeing 727'),
(111,'Charter',212,'International Airlines Group','Boeing 757'),
(112,'Charter',394,'Aeroflot','Boeing 727'),
(113,'Di stato',253,'British Airways','Boeing 777'),
(114,'Di stato',381,'Volotea','Airbus A300'),
(115,'Di stato',372,'Luxair','Boeing 787'),
(116,'Charter',340,'Alitalia','Boeing 767'),
(117,'Di linea',224,'Air Malta','Airbus A330'),
(118,'Privato',369,'International Airlines Group','McDonnell Douglas DC-9'),
(119,'Di linea',498,'Air Europa','Airbus A340'),
(120,'Di linea',451,'Air Europa','Boeing 727'),
(121,'Di linea',253,'easyJet','Airbus A320'),
(122,'Di stato',374,'Turkish Airlines','Airbus A320'),
(123,'Charter',239,'Alitalia','Airbus A340'),
(124,'Charter',482,'International Airlines Group','Boeing 777'),
(125,'Di stato',80,'Aeroflot','Airbus A340'),
(126,'Privato',292,'Wizz Air','Boeing 777'),
(127,'Charter',418,'Air Nostrum','Airbus A300'),
(128,'Di linea',195,'Alitalia','Airbus A320'),
(129,'Charter',282,'Iberia','Airbus A330'),
(130,'Privato',449,'Luxair','Boeing 737'),
(131,'Charter',168,'Air Malta','Boeing 737'),
(132,'Di linea',235,'Air France','Boeing 727'),
(133,'Privato',383,'Air Corsica','Boeing 787'),
(134,'Di linea',183,'Lufthansa','McDonnell Douglas DC-9'),
(135,'Privato',100,'easyJet','Airbus A340'),
(136,'Di linea',374,'Lufthansa','Boeing 757'),
(137,'Privato',489,'Luxair','Boeing 787'),
(138,'Di stato',443,'International Airlines Group','Airbus A300'),
(139,'Di stato',187,'International Airlines Group','McDonnell Douglas DC-9'),
(140,'Charter',309,'Luxair','Airbus A320'),
(141,'Di linea',293,'easyJet','McDonnell Douglas DC-9'),
(142,'Di linea',347,'Wizz Air','McDonnell Douglas DC-9'),
(143,'Di stato',246,'Ryanair','McDonnell Douglas DC-9'),
(144,'Di stato',433,'Ryanair','Boeing 787'),
(145,'Di linea',110,'Air Europa','Airbus A330'),
(146,'Privato',368,'Volotea','Airbus A300'),
(147,'Di linea',242,'Air Malta','Boeing 787'),
(148,'Di linea',62,'Air France','Boeing 777'),
(149,'Charter',408,'Turkish Airlines','Boeing 747'),
(150,'Di stato',366,'Aeroflot','Airbus A330'),
(151,'Privato',90,'Ita','Boeing 747'),
(152,'Charter',369,'Turkish Airlines','Boeing 737'),
(153,'Charter',468,'Air Nostrum','Boeing 747'),
(154,'Charter',205,'British Airways','Boeing 757'),
(155,'Di stato',441,'Alitalia','Boeing 777'),
(156,'Di linea',139,'Ryanair','Airbus A330'),
(157,'Di stato',459,'Air Malta','Boeing 747'),
(158,'Di linea',120,'Alitalia','Airbus A300'),
(159,'Privato',461,'Wizz Air','Boeing 777'),
(160,'Privato',82,'Ryanair','Airbus A300'),
(161,'Di stato',482,'Air France','Airbus A300'),
(162,'Charter',377,'Turkish Airlines','Boeing 727'),
(163,'Di stato',327,'Ryanair','Boeing 787'),
(164,'Di stato',304,'Ita','Airbus A300'),
(165,'Charter',317,'Air Corsica','Boeing 767'),
(166,'Privato',225,'Air Nostrum','Boeing 737'),
(167,'Charter',108,'Air Europa','Boeing 777'),
(168,'Di stato',111,'British Airways','Boeing 787'),
(169,'Di stato',137,'Turkish Airlines','Boeing 747'),
(170,'Di linea',481,'Lufthansa','Boeing 757'),
(171,'Di linea',499,'Ita','Boeing 787'),
(172,'Di stato',155,'Air Nostrum','Boeing 727'),
(173,'Privato',290,'British Airways','Airbus A320'),
(174,'Charter',94,'Lufthansa','Boeing 747'),
(175,'Privato',492,'International Airlines Group','Boeing 777'),
(176,'Di linea',395,'Volotea','Boeing 747'),
(177,'Di stato',79,'Luxair','McDonnell Douglas DC-9'),
(178,'Di stato',129,'Air Malta','Boeing 727'),
(179,'Di linea',387,'Air Corsica','Boeing 767'),
(180,'Charter',151,'Air Nostrum','Boeing 777'),
(181,'Charter',279,'Alitalia','McDonnell Douglas DC-9'),
(182,'Charter',241,'British Airways','Boeing 747'),
(183,'Privato',100,'Iberia','Airbus A340'),
(184,'Di linea',194,'Air Malta','Boeing 777'),
(185,'Charter',147,'British Airways','Boeing 757'),
(186,'Di linea',452,'Aeroflot','Boeing 737'),
(187,'Di stato',350,'British Airways','Boeing 757'),
(188,'Privato',189,'Turkish Airlines','Airbus A340'),
(189,'Di linea',287,'International Airlines Group','Boeing 777'),
(190,'Di stato',224,'easyJet','Airbus A340'),
(191,'Di linea',476,'Air Nostrum','Boeing 777'),
(192,'Charter',474,'Wizz Air','Boeing 747'),
(193,'Charter',266,'easyJet','Boeing 767'),
(194,'Charter',372,'Ita','Boeing 787'),
(195,'Di linea',445,'Ita','Airbus A300'),
(196,'Privato',259,'Iberia','Boeing 757'),
(197,'Di stato',193,'Air Corsica','Boeing 737'),
(198,'Di stato',123,'Ryanair','McDonnell Douglas DC-9'),
(199,'Di stato',114,'Turkish Airlines','Boeing 727'),
(200,'Charter',349,'Air France','Boeing 737'),
(201,'Di stato',203,'British Airways','Boeing 727'),
(202,'Di linea',154,'Air Nostrum','McDonnell Douglas DC-9'),
(203,'Privato',188,'Air Nostrum','Airbus A340'),
(204,'Privato',405,'British Airways','Boeing 747'),
(205,'Di stato',78,'Luxair','Airbus A330'),
(206,'Di linea',316,'Luxair','Airbus A300'),
(207,'Di stato',222,'Turkish Airlines','Airbus A330'),
(208,'Privato',246,'Iberia','Airbus A300'),
(209,'Di stato',432,'Iberia','Boeing 787'),
(210,'Di stato',237,'Air France','Airbus A340'),
(211,'Di linea',255,'Air Corsica','McDonnell Douglas DC-9'),
(212,'Di linea',444,'Alitalia','McDonnell Douglas DC-9'),
(213,'Charter',54,'Aeroflot','Boeing 747'),
(214,'Charter',196,'Wizz Air','McDonnell Douglas DC-9'),
(215,'Privato',95,'Alitalia','Boeing 757'),
(216,'Charter',395,'Air Malta','Airbus A330'),
(217,'Privato',150,'Turkish Airlines','Boeing 777'),
(218,'Di stato',147,'Volotea','Boeing 777'),
(219,'Di stato',200,'British Airways','Boeing 787'),
(220,'Di stato',337,'Wizz Air','Boeing 777'),
(221,'Privato',430,'Air Nostrum','McDonnell Douglas DC-9'),
(222,'Di linea',257,'Lufthansa','Boeing 737'),
(223,'Di stato',128,'British Airways','Airbus A340'),
(224,'Di stato',154,'Ita','Boeing 747'),
(225,'Charter',389,'Turkish Airlines','Boeing 767'),
(226,'Privato',272,'Lufthansa','Boeing 747'),
(227,'Di linea',314,'Ryanair','Airbus A320'),
(228,'Privato',349,'British Airways','Boeing 757'),
(229,'Charter',221,'Aeroflot','Boeing 777'),
(230,'Privato',431,'Air Corsica','Boeing 767'),
(231,'Privato',302,'British Airways','McDonnell Douglas DC-9'),
(232,'Privato',381,'Wizz Air','Boeing 767'),
(233,'Charter',314,'Turkish Airlines','Airbus A330'),
(234,'Charter',454,'easyJet','Airbus A330'),
(235,'Charter',284,'British Airways','Airbus A320'),
(236,'Di stato',148,'Air France','Airbus A340'),
(237,'Privato',253,'Volotea','Boeing 767'),
(238,'Di stato',262,'Air Malta','Airbus A340'),
(239,'Charter',59,'Luxair','Boeing 757'),
(240,'Charter',488,'Iberia','Boeing 747'),
(241,'Di stato',78,'Ryanair','Boeing 737'),
(242,'Charter',492,'Air Malta','McDonnell Douglas DC-9'),
(243,'Privato',393,'Ryanair','Boeing 777'),
(244,'Di stato',115,'British Airways','Boeing 727'),
(245,'Di linea',365,'Air Europa','Boeing 737'),
(246,'Charter',83,'Lufthansa','Airbus A320'),
(247,'Di linea',380,'Air Nostrum','Boeing 767'),
(248,'Privato',447,'Air Corsica','Airbus A320'),
(249,'Charter',345,'Air France','Boeing 757'),
(250,'Di stato',437,'Alitalia','Airbus A330'),
(251,'Di stato',287,'Air Nostrum','Airbus A320'),
(252,'Charter',208,'British Airways','Airbus A320'),
(253,'Di linea',205,'Ita','Boeing 747'),
(254,'Privato',268,'Air Malta','Boeing 727'),
(255,'Charter',193,'Lufthansa','Boeing 737'),
(256,'Charter',472,'Alitalia','Boeing 727'),
(257,'Di stato',97,'Luxair','Boeing 727'),
(258,'Privato',76,'Luxair','Boeing 787'),
(259,'Privato',54,'Luxair','McDonnell Douglas DC-9'),
(260,'Charter',231,'Iberia','Boeing 737'),
(261,'Di linea',387,'Iberia','Airbus A330'),
(262,'Di linea',379,'Air Malta','Airbus A330'),
(263,'Di stato',483,'Air France','Airbus A300'),
(264,'Privato',330,'International Airlines Group','Boeing 737'),
(265,'Di stato',170,'Alitalia','Boeing 787'),
(266,'Privato',74,'easyJet','Boeing 757'),
(267,'Di stato',94,'Volotea','Airbus A340'),
(268,'Privato',292,'International Airlines Group','McDonnell Douglas DC-9'),
(269,'Di linea',213,'Air France','Boeing 737'),
(270,'Di stato',202,'Lufthansa','Airbus A300'),
(271,'Charter',486,'Air Corsica','Airbus A330'),
(272,'Di linea',407,'Lufthansa','Airbus A340'),
(273,'Di stato',424,'Air Europa','Boeing 787'),
(274,'Privato',475,'Air France','Boeing 727'),
(275,'Di linea',453,'Air Corsica','Airbus A340'),
(276,'Charter',60,'Air Corsica','Airbus A340'),
(277,'Privato',215,'Air Malta','Airbus A320'),
(278,'Di linea',134,'Wizz Air','Boeing 747'),
(279,'Charter',437,'British Airways','Boeing 747'),
(280,'Privato',458,'Lufthansa','Boeing 737'),
(281,'Di linea',432,'Air France','Airbus A320'),
(282,'Charter',332,'Iberia','Boeing 787'),
(283,'Privato',427,'Air Nostrum','Boeing 757'),
(284,'Charter',464,'Alitalia','Airbus A320'),
(285,'Privato',348,'Wizz Air','Boeing 787'),
(286,'Di stato',88,'Air Corsica','Airbus A300'),
(287,'Di linea',120,'Alitalia','Airbus A300'),
(288,'Charter',361,'Turkish Airlines','Boeing 737'),
(289,'Di stato',238,'Turkish Airlines','Boeing 737'),
(290,'Privato',389,'Turkish Airlines','Airbus A320'),
(291,'Privato',373,'International Airlines Group','Airbus A320'),
(292,'Privato',336,'Air Corsica','Airbus A300'),
(293,'Di stato',91,'British Airways','Airbus A320'),
(294,'Charter',473,'easyJet','Airbus A300'),
(295,'Privato',246,'easyJet','Boeing 737'),
(296,'Privato',416,'Lufthansa','Airbus A300'),
(297,'Di stato',353,'Iberia','Boeing 727'),
(298,'Di stato',395,'Alitalia','Airbus A330'),
(299,'Di linea',313,'Alitalia','Boeing 727'),
(300,'Charter',136,'Air Malta','Airbus A330');

INSERT INTO aeroporto (aeroporto_id, città, nome, nazione, numero_piste) VALUES 
(1,'Londra','Stansted','Inghilterra',6),
(2,'Francoforte','Flughafen Frankfurt','Germania',15),
(3,'Londra','Gatwick','Inghilterra',12),
(4,'Parigi','Charles de Gaulle','Francia',3),
(5,'Amsterdam','Schiphol','Paesi Bassi',3),
(6,'Madrid','Barajas','Spagna',6),
(7,'San Pietroburgo','Pulkovo','Russia',NULL),
(8,'Budapest','Ferenc Liszt','Ungheria',5),
(9,'Torino','Torino-Caselle','Italia',3),
(10,'Colonia','Colonia-Bonn','Germania',12),
(11,'LAia','LAiaInt','Paesi Bassi',1),
(12,'Istanbul','Atatürk','Turchia',NULL),
(13,'Oporto','Porto Airport','Portogallo',7),
(14,'Roma','Fiumicino ','Italia',25),
(15,'Milano','Malpenza','Italia',15),
(16,'Oslo','Gardermoen','Norvegia',NULL),
(17,'Napoli','Capochino','Italia',10),
(18,'Atene','Eleftherios Venizelos','Grecia',NULL),
(19,'Verona','VeronaInt','Italia',15),
(20,'Mosca','Vnukovo','Russia',10);

INSERT INTO volo (codice_volo, data_partenza, data_arrivo, numero_passeggeri, aeroporto_partenza, aeroporto_arrivo,aereo) VALUES 
(1,'2021/07/23','2021/08/12',122,17,13,219),
(2,'2021/07/21','2021/05/22',322,9,6,200),
(3,'2021/09/2','2021/10/8',122,17,13,219),
(4,'2021/09/10','2021/09/22',190,9,6,14),
(5,'2021/07/21','2021/09/12',90,13,1,15),
(6,'2021/07/21','2021/09/12',76,13,1,15),
(7,'2021/07/21','2021/09/12',23,17,1,15),
(8,'2021/05/21','2021/09/11',250,17,5,118),
(9,'2021/07/21','2021/09/12',360,9,5,115),
(10,'2021/09/27','2021/09/27',102,1,2,5),
(11,'2021/09/27','2021/09/27',86,3,7,6),
(12,'2021/09/22','2021/09/22',260,8,11,89),
(13,'2021/09/22','2021/09/23',150,9,15,34),
(14,'2021/08/11','2021/08/11',17,16,18,78),
(15,'2021/08/12','2021/08/13',90,18,19,111),
(16,'2021/08/13','2021/08/13',107,11,1,145),
(17,'2021/08/14','2021/08/14',120,2,20,178),
(18,'2021/09/21','2021/09/21',190,1,17,190),
(19,'2021/09/21','2021/09/21',31,19,4,12),
(20,'2021/09/21','2021/09/21',87,10,1,17),
(21,'2021/09/27','2021/09/27',150,12,16,265),
(22,'2021/09/2','2021/09/2',231,8,9,171),
(23,'2021/09/10','2021/09/10',50,11,1,239),
(24,'2021/09/21','2021/09/21',90,12,4,244),
(25,'2021/09/21','2021/09/21',212,14,18,12),
(26,'2021/07/21','2021/07/21',278,18,19,17),
(27,'2021/07/22','2021/07/23',12,2,5,171),
(28,'2021/07/21','2021/07/21',56,3,7,156),
(29,'2021/07/21','2021/07/21',250,18,11,155),
(30,'2021/07/21','2021/07/21',198,12,19,55),
(31,'2021/08/1','2021/08/12',122,17,11,219),
(32,'2021/07/28','2021/05/22',322,14,11,200),
(33,'2021/09/26','2021/10/8',122,17,11,219),
(34,'2021/07/31','2021/08/12',122,17,11,219),
(35,'2021/07/24','2021/05/22',322,19,11,200),
(36,'2021/09/2','2021/10/8',122,15,5,219),
(37,'2021/07/21','2021/05/22',322,15,5,200),
(38,'2021/09/2','2021/10/8',122,17,5,219),
(39,'2021/07/21','2021/05/22',322,19,11,200),
(40,'2021/11/2','2021/10/8',122,17,5,219),
(41,'2021/11/4','2021/05/22',322,19,5,200),
(42,'2021/11/3','2021/10/8',122,17,5,219),
(43,'2021/11/1','2021/10/8',122,15,5,219),
(44,'2021/11/5','2021/10/8',122,15,17,219);

